date,code,name,market,type,close,cret,opent,high,low,volume,tprice,mcap,lower,upper,snum,diviends,perdivi,PER,PBR,EPS,BPS,lowest,rate
2021-11-01,8136,サンリオ,東証一部,卸売,2626.0,3.18,2594.0,2656.0,2560.0,311200.0,813920.0,233885.0,2045.0,3045.0,89065301.0,16.0,0.61,100.73,5.19,26.07,505.74,262600.0,1.0
2021-11-02,8136,サンリオ,東証一部,卸売,2654.0,1.07,2626.0,2670.0,2620.0,232400.0,615775.0,236379.0,2126.0,3130.0,89065301.0,16.0,0.6,101.8,5.25,26.07,505.74,265400.0,1.0
2021-11-04,8136,サンリオ,東証一部,卸売,2865.0,7.95,2734.0,2865.0,2718.0,826900.0,2334474.0,255172.0,2154.0,3155.0,89065301.0,16.0,0.56,153.87,5.63,18.62,509.06,286500.0,1.0
2021-11-05,8136,サンリオ,東証一部,卸売,2813.0,-1.82,2840.0,2847.0,2768.0,467400.0,1310600.0,250541.0,2365.0,3365.0,89065301.0,16.0,0.57,151.07,5.53,18.62,509.06,281300.0,1.0
2021-11-08,8136,サンリオ,東証一部,卸売,2800.0,-0.46,2821.0,2828.0,2776.0,374100.0,1047958.0,249383.0,2313.0,3315.0,89065301.0,16.0,0.57,150.38,5.5,18.62,509.06,280000.0,1.0
2021-11-09,8136,サンリオ,東証一部,卸売,2740.0,-2.14,2752.0,2790.0,2727.0,237800.0,654771.0,244039.0,2300.0,3300.0,89065301.0,16.0,0.58,147.15,5.38,18.62,509.06,274000.0,1.0
2021-11-10,8136,サンリオ,東証一部,卸売,2726.0,-0.51,2710.0,2746.0,2700.0,268900.0,731812.0,242792.0,2240.0,3240.0,89065301.0,16.0,0.59,146.4,5.35,18.62,509.06,272600.0,1.0
2021-11-11,8136,サンリオ,東証一部,卸売,2663.0,-2.31,2710.0,2715.0,2638.0,257900.0,688174.0,237181.0,2226.0,3230.0,89065301.0,16.0,0.6,143.02,5.23,18.62,509.06,266300.0,1.0
2021-11-12,8136,サンリオ,東証一部,卸売,2756.0,3.49,2696.0,2769.0,2692.0,341400.0,936789.0,245464.0,2163.0,3165.0,89065301.0,16.0,0.58,148.01,5.41,18.62,509.06,275600.0,1.0
2021-11-15,8136,サンリオ,東証一部,卸売,2818.0,2.25,2800.0,2826.0,2780.0,294500.0,827334.0,250986.0,2256.0,3260.0,89065301.0,16.0,0.57,151.34,5.54,18.62,509.06,281800.0,1.0
2021-11-16,8136,サンリオ,東証一部,卸売,2834.0,0.57,2854.0,2885.0,2829.0,308400.0,879656.0,252411.0,2318.0,3320.0,89065301.0,16.0,0.56,152.2,5.57,18.62,509.06,283400.0,1.0
2021-11-17,8136,サンリオ,東証一部,卸売,2787.0,-1.66,2816.0,2824.0,2761.0,240900.0,674162.0,248225.0,2334.0,3335.0,89065301.0,16.0,0.57,149.68,5.47,18.62,509.06,278700.0,1.0
2021-11-18,8136,サンリオ,東証一部,卸売,2795.0,0.29,2759.0,2802.0,2754.0,277000.0,770594.0,248938.0,2287.0,3290.0,89065301.0,16.0,0.57,150.11,5.49,18.62,509.06,279500.0,1.0
2021-11-19,8136,サンリオ,東証一部,卸売,2799.0,0.14,2811.0,2812.0,2751.0,184600.0,514934.0,249294.0,2295.0,3295.0,89065301.0,16.0,0.57,150.32,5.5,18.62,509.06,279900.0,1.0
2021-11-22,8136,サンリオ,東証一部,卸売,2823.0,0.86,2784.0,2840.0,2772.0,286000.0,806401.0,251431.0,2299.0,3300.0,89065301.0,16.0,0.57,151.61,5.55,18.62,509.06,282300.0,1.0
2021-11-24,8136,サンリオ,東証一部,卸売,2771.0,-1.84,2810.0,2814.0,2753.0,191700.0,531790.0,246800.0,2323.0,3325.0,89065301.0,16.0,0.58,148.82,5.44,18.62,509.06,277100.0,1.0
2021-11-25,8136,サンリオ,東証一部,卸売,2796.0,0.9,2781.0,2812.0,2774.0,103100.0,287908.0,249027.0,2271.0,3275.0,89065301.0,16.0,0.57,150.16,5.49,18.62,509.06,279600.0,1.0
2021-11-26,8136,サンリオ,東証一部,卸売,2731.0,-2.32,2780.0,2781.0,2714.0,236000.0,648071.0,243237.0,2296.0,3300.0,89065301.0,16.0,0.59,146.67,5.36,18.62,509.06,273100.0,1.0
2021-11-29,8136,サンリオ,東証一部,卸売,2566.0,-6.04,2621.0,2654.0,2565.0,612100.0,1591985.0,228542.0,2231.0,3235.0,89065301.0,16.0,0.62,137.81,5.04,18.62,509.06,256600.0,1.0
2021-11-30,8136,サンリオ,東証一部,卸売,2479.0,-3.39,2582.0,2606.0,2472.0,588800.0,1485466.0,220793.0,2066.0,3070.0,89065301.0,16.0,0.65,133.14,4.87,18.62,509.06,247900.0,1.0
2021-12-01,8136,サンリオ,東証一部,卸売,2417.0,-2.5,2460.0,2478.0,2412.0,341800.0,833262.0,215271.0,1979.0,2979.0,89065301.0,16.0,0.66,129.81,4.75,18.62,509.06,241700.0,1.0
2021-12-02,8136,サンリオ,東証一部,卸売,2382.0,-1.45,2400.0,2413.0,2369.0,336900.0,804108.0,212154.0,1917.0,2917.0,89065301.0,16.0,0.67,127.93,4.68,18.62,509.06,238200.0,1.0
2021-12-03,8136,サンリオ,東証一部,卸売,2488.0,4.45,2415.0,2488.0,2415.0,189800.0,466329.0,221594.0,1882.0,2882.0,89065301.0,16.0,0.64,133.62,4.89,18.62,509.06,248800.0,1.0
2021-12-06,8136,サンリオ,東証一部,卸売,2464.0,-0.96,2450.0,2491.0,2430.0,168600.0,414881.0,219457.0,1988.0,2988.0,89065301.0,16.0,0.65,132.33,4.84,18.62,509.06,246400.0,1.0
2021-12-07,8136,サンリオ,東証一部,卸売,2541.0,3.13,2499.0,2545.0,2491.0,201100.0,506890.0,226315.0,1964.0,2964.0,89065301.0,16.0,0.63,136.47,4.99,18.62,509.06,254100.0,1.0
2021-12-08,8136,サンリオ,東証一部,卸売,2573.0,1.26,2580.0,2581.0,2535.0,169000.0,434136.0,229165.0,2041.0,3045.0,89065301.0,16.0,0.62,138.18,5.05,18.62,509.06,257300.0,1.0
2021-12-09,8136,サンリオ,東証一部,卸売,2600.0,1.05,2577.0,2624.0,2568.0,182700.0,475766.0,231570.0,2073.0,3075.0,89065301.0,16.0,0.62,139.63,5.11,18.62,509.06,260000.0,1.0
2021-12-10,8136,サンリオ,東証一部,卸売,2523.0,-2.96,2586.0,2590.0,2511.0,181800.0,462332.0,224712.0,2100.0,3100.0,89065301.0,16.0,0.63,135.5,4.96,18.62,509.06,252300.0,1.0
2021-12-13,8136,サンリオ,東証一部,卸売,2516.0,-0.28,2556.0,2565.0,2504.0,142700.0,359947.0,224088.0,2023.0,3025.0,89065301.0,16.0,0.64,135.12,4.94,18.62,509.06,251600.0,1.0
2021-12-14,8136,サンリオ,東証一部,卸売,2518.0,0.08,2500.0,2546.0,2500.0,128200.0,323375.0,224266.0,2016.0,3020.0,89065301.0,16.0,0.64,135.23,4.95,18.62,509.06,251800.0,1.0
2021-12-15,8136,サンリオ,東証一部,卸売,2511.0,-0.28,2499.0,2537.0,2493.0,110000.0,275857.0,223643.0,2018.0,3020.0,89065301.0,16.0,0.64,134.85,4.93,18.62,509.06,251100.0,1.0
2021-12-16,8136,サンリオ,東証一部,卸売,2541.0,1.19,2525.0,2545.0,2510.0,187400.0,474241.0,226315.0,2011.0,3015.0,89065301.0,16.0,0.63,136.47,4.99,18.62,509.06,254100.0,1.0
2021-12-17,8136,サンリオ,東証一部,卸売,2442.0,-3.9,2500.0,2510.0,2435.0,489300.0,1206758.0,217497.0,2041.0,3045.0,89065301.0,16.0,0.66,131.15,4.8,18.62,509.06,244200.0,1.0
2021-12-20,8136,サンリオ,東証一部,卸売,2387.0,-2.25,2414.0,2440.0,2383.0,176000.0,423476.0,212599.0,1942.0,2942.0,89065301.0,16.0,0.67,128.2,4.69,18.62,509.06,238700.0,1.0
2021-12-21,8136,サンリオ,東証一部,卸売,2436.0,2.05,2425.0,2446.0,2395.0,194300.0,471953.0,216963.0,1887.0,2887.0,89065301.0,16.0,0.66,130.83,4.79,18.62,509.06,243600.0,1.0
2021-12-22,8136,サンリオ,東証一部,卸売,2459.0,0.94,2446.0,2469.0,2428.0,196500.0,482108.0,219012.0,1936.0,2936.0,89065301.0,16.0,0.65,132.06,4.83,18.62,509.06,245900.0,1.0
2021-12-23,8136,サンリオ,東証一部,卸売,2487.0,1.14,2484.0,2503.0,2484.0,116900.0,291494.0,221505.0,1959.0,2959.0,89065301.0,16.0,0.64,133.57,4.89,18.62,509.06,248700.0,1.0
2021-12-24,8136,サンリオ,東証一部,卸売,2485.0,-0.08,2499.0,2520.0,2483.0,78800.0,196501.0,221327.0,1987.0,2987.0,89065301.0,16.0,0.64,133.46,4.88,18.62,509.06,248500.0,1.0
2021-12-27,8136,サンリオ,東証一部,卸売,2498.0,0.52,2499.0,2509.0,2484.0,132700.0,331388.0,222485.0,1985.0,2985.0,89065301.0,16.0,0.64,134.16,4.91,18.62,509.06,249800.0,1.0
2021-12-28,8136,サンリオ,東証一部,卸売,2555.0,2.28,2507.0,2560.0,2507.0,138500.0,351961.0,227562.0,1998.0,2998.0,89065301.0,16.0,0.63,137.22,5.02,18.62,509.06,255500.0,1.0
2021-12-29,8136,サンリオ,東証一部,卸売,2510.0,-1.76,2551.0,2564.0,2499.0,110400.0,277848.0,223554.0,2055.0,3055.0,89065301.0,16.0,0.64,134.8,4.93,18.62,509.06,251000.0,1.0
2021-12-30,8136,サンリオ,東証一部,卸売,2499.0,-0.44,2511.0,2517.0,2490.0,87100.0,217865.0,222574.0,2010.0,3010.0,89065301.0,16.0,0.64,134.21,4.91,18.62,509.06,249900.0,1.0
2022-01-04,8136,サンリオ,東証一部,卸売,2534.0,1.4,2505.0,2540.0,2487.0,122400.0,307834.0,225691.0,1999.0,2999.0,89065301.0,16.0,0.63,136.09,4.98,18.62,509.06,253400.0,1.0
2022-01-05,8136,サンリオ,東証一部,卸売,2502.0,-1.26,2530.0,2530.0,2488.0,136700.0,342149.0,222841.0,2034.0,3035.0,89065301.0,16.0,0.64,134.37,4.91,18.62,509.06,250200.0,1.0
2022-01-06,8136,サンリオ,東証一部,卸売,2393.0,-4.36,2461.0,2472.0,2387.0,264500.0,639537.0,213133.0,2002.0,3005.0,89065301.0,16.0,0.67,128.52,4.7,18.62,509.06,239300.0,1.0
2022-01-07,8136,サンリオ,東証一部,卸売,2401.0,0.33,2396.0,2425.0,2384.0,194600.0,467681.0,213846.0,1893.0,2893.0,89065301.0,16.0,0.67,128.95,4.72,18.62,509.06,240100.0,1.0
2022-01-11,8136,サンリオ,東証一部,卸売,2387.0,-0.58,2400.0,2406.0,2337.0,201900.0,479068.0,212599.0,1901.0,2901.0,89065301.0,16.0,0.67,128.2,4.69,18.62,509.06,238700.0,1.0
2022-01-12,8136,サンリオ,東証一部,卸売,2433.0,1.93,2415.0,2452.0,2407.0,134000.0,325892.0,216696.0,1887.0,2887.0,89065301.0,16.0,0.66,130.67,4.78,18.62,509.06,243300.0,1.0
2022-01-13,8136,サンリオ,東証一部,卸売,2394.0,-1.6,2450.0,2450.0,2394.0,142700.0,344189.0,213222.0,1933.0,2933.0,89065301.0,16.0,0.67,128.57,4.7,18.62,509.06,239400.0,1.0
2022-01-14,8136,サンリオ,東証一部,卸売,2341.0,-2.21,2361.0,2382.0,2313.0,238800.0,557991.0,208502.0,1894.0,2894.0,89065301.0,16.0,0.68,125.73,4.6,18.62,509.06,234100.0,1.0
2022-01-17,8136,サンリオ,東証一部,卸売,2302.0,-1.67,2316.0,2346.0,2294.0,112600.0,260498.0,205028.0,1841.0,2841.0,89065301.0,16.0,0.7,123.63,4.52,18.62,509.06,230200.0,1.0
2022-01-18,8136,サンリオ,東証一部,卸売,2303.0,0.04,2303.0,2408.0,2283.0,198900.0,459766.0,205117.0,1802.0,2802.0,89065301.0,16.0,0.69,123.68,4.52,18.62,509.06,230300.0,1.0
2022-01-19,8136,サンリオ,東証一部,卸売,2248.0,-2.39,2253.0,2315.0,2243.0,222800.0,505319.0,200219.0,1803.0,2803.0,89065301.0,16.0,0.71,120.73,4.42,18.62,509.06,224800.0,1.0
2022-01-20,8136,サンリオ,東証一部,卸売,2292.0,1.96,2252.0,2298.0,2240.0,197300.0,448664.0,204138.0,1748.0,2748.0,89065301.0,16.0,0.7,123.09,4.5,18.62,509.06,229200.0,1.0
2022-01-21,8136,サンリオ,東証一部,卸売,2292.0,0.0,2258.0,2297.0,2238.0,134200.0,304723.0,204138.0,1792.0,2792.0,89065301.0,16.0,0.7,123.09,4.5,18.62,509.06,229200.0,1.0
2022-01-24,8136,サンリオ,東証一部,卸売,2238.0,-2.36,2259.0,2261.0,2206.0,264100.0,589414.0,199328.0,1792.0,2792.0,89065301.0,16.0,0.71,120.19,4.4,18.62,509.06,223800.0,1.0
2022-01-25,8136,サンリオ,東証一部,卸売,2188.0,-2.23,2218.0,2227.0,2164.0,306500.0,670904.0,194875.0,1738.0,2738.0,89065301.0,16.0,0.73,117.51,4.3,18.62,509.06,218800.0,1.0
2022-01-26,8136,サンリオ,東証一部,卸売,2192.0,0.18,2191.0,2224.0,2177.0,145600.0,320255.0,195231.0,1688.0,2688.0,89065301.0,16.0,0.73,117.72,4.31,18.62,509.06,219200.0,1.0
2022-01-27,8136,サンリオ,東証一部,卸売,2122.0,-3.19,2189.0,2211.0,2112.0,255100.0,549025.0,188997.0,1692.0,2692.0,89065301.0,16.0,0.75,113.96,4.17,18.62,509.06,212200.0,1.0
2022-01-28,8136,サンリオ,東証一部,卸売,2171.0,2.31,2150.0,2184.0,2138.0,172000.0,372690.0,193361.0,1622.0,2622.0,89065301.0,16.0,0.74,116.6,4.26,18.62,509.06,217100.0,1.0
2022-01-31,8136,サンリオ,東証一部,卸売,2213.0,1.93,2171.0,2228.0,2169.0,195800.0,432239.0,197102.0,1671.0,2671.0,89065301.0,16.0,0.72,118.85,4.35,18.62,509.06,221300.0,1.0
2022-02-01,8136,サンリオ,東証一部,卸売,2269.0,2.53,2254.0,2276.0,2234.0,219100.0,495428.0,202089.0,1713.0,2713.0,89065301.0,16.0,0.71,121.86,4.46,18.62,509.06,226900.0,1.0
2022-02-02,8136,サンリオ,東証一部,卸売,2355.0,3.79,2280.0,2355.0,2277.0,267900.0,624266.0,209749.0,1769.0,2769.0,89065301.0,16.0,0.68,126.48,4.63,18.62,509.06,235500.0,1.0
2022-02-03,8136,サンリオ,東証一部,卸売,2312.0,-1.83,2328.0,2339.0,2292.0,167500.0,387281.0,205919.0,1855.0,2855.0,89065301.0,16.0,0.69,124.17,4.54,18.62,509.06,231200.0,1.0
2022-02-04,8136,サンリオ,東証一部,卸売,2370.0,2.51,2294.0,2370.0,2293.0,175800.0,411772.0,211085.0,1812.0,2812.0,89065301.0,16.0,0.68,127.28,4.66,18.62,509.06,237000.0,1.0
2022-02-07,8136,サンリオ,東証一部,卸売,2345.0,-1.05,2370.0,2382.0,2325.0,193400.0,455093.0,208858.0,1870.0,2870.0,89065301.0,16.0,0.68,125.94,4.61,18.62,509.06,234500.0,1.0
2022-02-08,8136,サンリオ,東証一部,卸売,2352.0,0.3,2345.0,2385.0,2339.0,163200.0,385037.0,209482.0,1845.0,2845.0,89065301.0,16.0,0.68,126.32,4.62,18.62,509.06,235200.0,1.0
2022-02-09,8136,サンリオ,東証一部,卸売,2430.0,3.32,2385.0,2440.0,2379.0,261800.0,632110.0,216429.0,1852.0,2852.0,89065301.0,16.0,0.66,130.5,4.77,18.62,509.06,243000.0,1.0
2022-02-10,8136,サンリオ,東証一部,卸売,2461.0,1.28,2489.0,2489.0,2421.0,263600.0,646219.0,219190.0,1930.0,2930.0,89065301.0,16.0,0.65,132.17,4.83,18.62,509.06,246100.0,1.0
2022-02-14,8136,サンリオ,東証一部,卸売,2498.0,1.5,2540.0,2560.0,2468.0,473600.0,1191272.0,222485.0,1961.0,2961.0,89065301.0,16.0,0.64,80.48,4.85,31.04,515.06,249800.0,1.0
2022-02-15,8136,サンリオ,東証一部,卸売,2473.0,-1.0,2482.0,2527.0,2437.0,270200.0,671344.0,220258.0,1998.0,2998.0,89065301.0,16.0,0.65,79.67,4.8,31.04,515.06,247300.0,1.0
2022-02-16,8136,サンリオ,東証一部,卸売,2513.0,1.62,2529.0,2534.0,2491.0,155400.0,390280.0,223821.0,1973.0,2973.0,89065301.0,16.0,0.64,80.96,4.88,31.04,515.06,251300.0,1.0
2022-02-17,8136,サンリオ,東証一部,卸売,2488.0,-0.99,2484.0,2505.0,2455.0,200100.0,497451.0,221594.0,2013.0,3015.0,89065301.0,16.0,0.64,80.15,4.83,31.04,515.06,248800.0,1.0
2022-02-18,8136,サンリオ,東証一部,卸売,2500.0,0.48,2488.0,2515.0,2468.0,175800.0,439276.0,222663.0,1988.0,2988.0,89065301.0,16.0,0.64,80.54,4.85,31.04,515.06,250000.0,1.0
2022-02-21,8136,サンリオ,東証一部,卸売,2427.0,-2.92,2437.0,2444.0,2404.0,211400.0,512633.0,216161.0,2000.0,3000.0,89065301.0,16.0,0.66,78.19,4.71,31.04,515.06,242700.0,1.0
2022-02-22,8136,サンリオ,東証一部,卸売,2374.0,-2.18,2377.0,2406.0,2370.0,199200.0,474642.0,211441.0,1927.0,2927.0,89065301.0,16.0,0.67,76.48,4.61,31.04,515.06,237400.0,1.0
2022-02-24,8136,サンリオ,東証一部,卸売,2316.0,-2.44,2354.0,2355.0,2285.0,233300.0,539686.0,206275.0,1874.0,2874.0,89065301.0,16.0,0.69,74.61,4.5,31.04,515.06,231600.0,1.0
2022-02-25,8136,サンリオ,東証一部,卸売,2355.0,1.68,2326.0,2356.0,2316.0,214700.0,501937.0,209749.0,1816.0,2816.0,89065301.0,16.0,0.68,75.87,4.57,31.04,515.06,235500.0,1.0
2022-02-28,8136,サンリオ,東証一部,卸売,2348.0,-0.3,2358.0,2363.0,2322.0,190200.0,446504.0,209125.0,1855.0,2855.0,89065301.0,16.0,0.68,75.64,4.56,31.04,515.06,234800.0,1.0
2022-03-01,8136,サンリオ,東証一部,卸売,2378.0,1.28,2374.0,2401.0,2349.0,161700.0,384550.0,211797.0,1848.0,2848.0,89065301.0,16.0,0.67,76.61,4.62,31.04,515.06,237800.0,1.0
2022-03-02,8136,サンリオ,東証一部,卸売,2296.0,-3.45,2339.0,2347.0,2296.0,195700.0,452348.0,204494.0,1878.0,2878.0,89065301.0,16.0,0.7,73.97,4.46,31.04,515.06,229600.0,1.0
2022-03-03,8136,サンリオ,東証一部,卸売,2301.0,0.22,2338.0,2357.0,2298.0,167300.0,387960.0,204939.0,1796.0,2796.0,89065301.0,16.0,0.7,74.13,4.47,31.04,515.06,230100.0,1.0
2022-03-04,8136,サンリオ,東証一部,卸売,2273.0,-1.22,2280.0,2298.0,2245.0,300700.0,682417.0,202445.0,1801.0,2801.0,89065301.0,16.0,0.7,73.23,4.41,31.04,515.06,227300.0,1.0
2022-03-07,8136,サンリオ,東証一部,卸売,2134.0,-6.12,2212.0,2217.0,2103.0,350900.0,752581.0,190065.0,1773.0,2773.0,89065301.0,16.0,0.75,68.75,4.14,31.04,515.06,213400.0,1.0
2022-03-08,8136,サンリオ,東証一部,卸売,2134.0,0.0,2100.0,2211.0,2093.0,444700.0,954189.0,190065.0,1634.0,2634.0,89065301.0,16.0,0.75,68.75,4.14,31.04,515.06,213400.0,1.0
2022-03-09,8136,サンリオ,東証一部,卸売,2149.0,0.7,2152.0,2172.0,2134.0,283100.0,607777.0,191401.0,1634.0,2634.0,89065301.0,16.0,0.74,69.23,4.17,31.04,515.06,214900.0,1.0
2022-03-10,8136,サンリオ,東証一部,卸売,2246.0,4.51,2212.0,2255.0,2199.0,209900.0,468654.0,200041.0,1649.0,2649.0,89065301.0,16.0,0.71,72.36,4.36,31.04,515.06,224600.0,1.0
2022-03-11,8136,サンリオ,東証一部,卸売,2194.0,-2.32,2207.0,2218.0,2167.0,216900.0,476597.0,195409.0,1746.0,2746.0,89065301.0,16.0,0.73,70.68,4.26,31.04,515.06,219400.0,1.0
2022-03-14,8136,サンリオ,東証一部,卸売,2260.0,3.01,2204.0,2277.0,2201.0,221300.0,496994.0,201288.0,1694.0,2694.0,89065301.0,16.0,0.71,72.81,4.39,31.04,515.06,226000.0,1.0
2022-03-15,8136,サンリオ,東証一部,卸売,2375.0,5.09,2264.0,2410.0,2264.0,396200.0,935369.0,211530.0,1760.0,2760.0,89065301.0,16.0,0.67,76.51,4.61,31.04,515.06,237500.0,1.0
2022-03-16,8136,サンリオ,東証一部,卸売,2352.0,-0.97,2391.0,2391.0,2337.0,381700.0,901574.0,209482.0,1875.0,2875.0,89065301.0,16.0,0.68,75.77,4.57,31.04,515.06,235200.0,1.0
2022-03-17,8136,サンリオ,東証一部,卸売,2416.0,2.72,2424.0,2431.0,2364.0,262800.0,632662.0,215182.0,1852.0,2852.0,89065301.0,16.0,0.66,77.84,4.69,31.04,515.06,241600.0,1.0
2022-03-18,8136,サンリオ,東証一部,卸売,2411.0,-0.21,2385.0,2413.0,2380.0,268900.0,645284.0,214736.0,1916.0,2916.0,89065301.0,16.0,0.66,77.67,4.68,31.04,515.06,241100.0,1.0
2022-03-22,8136,サンリオ,東証一部,卸売,2383.0,-1.16,2421.0,2425.0,2374.0,268500.0,644186.0,212243.0,1911.0,2911.0,89065301.0,16.0,0.67,76.77,4.63,31.04,515.06,238300.0,1.0
2022-03-23,8136,サンリオ,東証一部,卸売,2439.0,2.35,2411.0,2450.0,2405.0,235900.0,573074.0,217230.0,1883.0,2883.0,89065301.0,16.0,0.66,78.58,4.74,31.04,515.06,243900.0,1.0
2022-03-24,8136,サンリオ,東証一部,卸売,2449.0,0.41,2409.0,2449.0,2401.0,180800.0,439028.0,218121.0,1939.0,2939.0,89065301.0,16.0,0.65,78.9,4.75,31.04,515.06,244900.0,1.0
2022-03-25,8136,サンリオ,東証一部,卸売,2513.0,2.61,2499.0,2520.0,2490.0,404500.0,1012240.0,223821.0,1949.0,2949.0,89065301.0,16.0,0.64,80.96,4.88,31.04,515.06,251300.0,1.0
2022-03-28,8136,サンリオ,東証一部,卸売,2542.0,1.15,2548.0,2565.0,2502.0,368000.0,935763.0,226404.0,2013.0,3015.0,89065301.0,16.0,0.63,81.89,4.94,31.04,515.06,254200.0,1.0
2022-03-29,8136,サンリオ,東証一部,卸売,2515.0,-1.06,2550.0,2594.0,2491.0,580600.0,1467515.0,223999.0,2042.0,3045.0,89065301.0,16.0,0.64,81.02,4.88,31.04,515.06,251500.0,1.0
2022-03-30,8136,サンリオ,東証一部,卸売,2532.0,0.68,2515.0,2537.0,2498.0,350000.0,881203.0,225513.0,2007.0,3010.0,89065301.0,16.0,0.63,81.57,4.92,31.04,515.06,253200.0,1.0
2022-03-31,8136,サンリオ,東証一部,卸売,2508.0,-0.95,2504.0,2536.0,2489.0,256900.0,644957.0,223376.0,2032.0,3035.0,89065301.0,16.0,0.64,80.8,4.87,31.04,515.06,250800.0,1.0
2022-04-01,8136,サンリオ,東証一部,卸売,2492.0,-0.64,2475.0,2509.0,2449.0,187500.0,465905.0,221951.0,2008.0,3010.0,89065301.0,16.0,0.64,80.28,4.84,31.04,515.06,249200.0,1.0
2022-04-04,8136,サンリオ,東証PR,卸売,2496.0,0.16,2487.0,2500.0,2478.0,139000.0,346490.0,222307.0,1992.0,2992.0,89065301.0,16.0,0.64,80.41,4.85,31.04,515.06,249600.0,1.0
2022-04-05,8136,サンリオ,東証PR,卸売,2570.0,2.96,2531.0,2574.0,2526.0,252500.0,645801.0,228898.0,1996.0,2996.0,89065301.0,16.0,0.62,82.8,4.99,31.04,515.06,257000.0,1.0
2022-04-06,8136,サンリオ,東証PR,卸売,2625.0,2.14,2588.0,2639.0,2556.0,318600.0,829703.0,233796.0,2070.0,3070.0,89065301.0,16.0,0.61,84.57,5.1,31.04,515.06,262500.0,1.0
2022-04-07,8136,サンリオ,東証PR,卸売,2581.0,-1.68,2595.0,2610.0,2493.0,279200.0,713818.0,229878.0,2125.0,3125.0,89065301.0,16.0,0.62,83.15,5.01,31.04,515.06,258100.0,1.0
2022-04-08,8136,サンリオ,東証PR,卸売,2616.0,1.36,2588.0,2616.0,2561.0,257600.0,669660.0,232995.0,2081.0,3085.0,89065301.0,16.0,0.61,84.28,5.08,31.04,515.06,261600.0,1.0
2022-04-11,8136,サンリオ,東証PR,卸売,2651.0,1.34,2630.0,2652.0,2613.0,195900.0,517041.0,236112.0,2116.0,3120.0,89065301.0,16.0,0.6,85.41,5.15,31.04,515.06,265100.0,1.0
2022-04-12,8136,サンリオ,東証PR,卸売,2603.0,-1.81,2644.0,2662.0,2570.0,208300.0,542694.0,231837.0,2151.0,3155.0,89065301.0,16.0,0.61,83.86,5.05,31.04,515.06,260300.0,1.0
2022-04-13,8136,サンリオ,東証PR,卸売,2653.0,1.92,2599.0,2653.0,2579.0,225000.0,593308.0,236290.0,2103.0,3105.0,89065301.0,16.0,0.6,85.47,5.15,31.04,515.06,265300.0,1.0
2022-04-14,8136,サンリオ,東証PR,卸売,2750.0,3.66,2698.0,2750.0,2683.0,269900.0,735865.0,244930.0,2153.0,3155.0,89065301.0,16.0,0.58,88.6,5.34,31.04,515.06,275000.0,1.0
2022-04-15,8136,サンリオ,東証PR,卸売,2754.0,0.15,2750.0,2798.0,2750.0,234600.0,650346.0,245286.0,2250.0,3250.0,89065301.0,16.0,0.58,88.72,5.35,31.04,515.06,275400.0,1.0
2022-04-18,8136,サンリオ,東証PR,卸売,2762.0,0.29,2722.0,2766.0,2707.0,163300.0,448602.0,245998.0,2254.0,3255.0,89065301.0,16.0,0.58,88.98,5.36,31.04,515.06,276200.0,1.0
2022-04-19,8136,サンリオ,東証PR,卸売,2761.0,-0.04,2783.0,2784.0,2747.0,158700.0,439109.0,245909.0,2262.0,3265.0,89065301.0,16.0,0.58,88.95,5.36,31.04,515.06,276100.0,1.0
2022-04-20,8136,サンリオ,東証PR,卸売,2799.0,1.38,2797.0,2821.0,2782.0,190100.0,532632.0,249294.0,2261.0,3265.0,89065301.0,16.0,0.57,90.17,5.43,31.04,515.06,279900.0,1.0
2022-04-21,8136,サンリオ,東証PR,卸売,2812.0,0.46,2812.0,2843.0,2803.0,246100.0,694346.0,250452.0,2299.0,3300.0,89065301.0,16.0,0.57,90.59,5.46,31.04,515.06,281200.0,1.0
2022-04-22,8136,サンリオ,東証PR,卸売,2719.0,-3.31,2747.0,2754.0,2708.0,267300.0,728950.0,242169.0,2312.0,3315.0,89065301.0,16.0,0.59,87.6,5.28,31.04,515.06,271900.0,1.0
2022-04-25,8136,サンリオ,東証PR,卸売,2717.0,-0.07,2692.0,2735.0,2678.0,222100.0,602337.0,241990.0,2219.0,3220.0,89065301.0,16.0,0.59,87.53,5.28,31.04,515.06,271700.0,1.0
2022-04-26,8136,サンリオ,東証PR,卸売,2740.0,0.85,2737.0,2749.0,2717.0,193000.0,527746.0,244039.0,2217.0,3220.0,89065301.0,16.0,0.58,88.27,5.32,31.04,515.06,274000.0,1.0
2022-04-27,8136,サンリオ,東証PR,卸売,2766.0,0.95,2719.0,2766.0,2710.0,300800.0,828214.0,246355.0,2240.0,3240.0,89065301.0,16.0,0.58,89.11,5.37,31.04,515.06,276600.0,1.0
2022-04-28,8136,サンリオ,東証PR,卸売,2737.0,-1.05,2751.0,2759.0,2717.0,221300.0,604782.0,243772.0,2266.0,3270.0,89065301.0,16.0,0.58,88.18,5.31,31.04,515.06,273700.0,1.0
2022-05-02,8136,サンリオ,東証PR,卸売,2713.0,-0.88,2687.0,2727.0,2663.0,147200.0,398040.0,241634.0,2237.0,3240.0,89065301.0,16.0,0.59,87.4,5.27,31.04,515.06,271300.0,1.0
2022-05-06,8136,サンリオ,東証PR,卸売,2703.0,-0.37,2693.0,2753.0,2683.0,222300.0,604118.0,240744.0,2213.0,3215.0,89065301.0,16.0,0.59,87.08,5.25,31.04,515.06,270300.0,1.0
2022-05-09,8136,サンリオ,東証PR,卸売,2680.0,-0.85,2685.0,2694.0,2640.0,223100.0,596414.0,238695.0,2203.0,3205.0,89065301.0,16.0,0.6,86.34,5.2,31.04,515.06,268000.0,1.0
2022-05-10,8136,サンリオ,東証PR,卸売,2544.0,-5.07,2634.0,2646.0,2539.0,289100.0,742301.0,226582.0,2180.0,3180.0,89065301.0,16.0,0.63,81.96,4.94,31.04,515.06,254400.0,1.0
2022-05-11,8136,サンリオ,東証PR,卸売,2521.0,-0.9,2526.0,2547.0,2508.0,128700.0,324768.0,224534.0,2044.0,3045.0,89065301.0,16.0,0.63,81.22,4.89,31.04,515.06,252100.0,1.0
2022-05-12,8136,サンリオ,東証PR,卸売,2510.0,-0.44,2495.0,2547.0,2495.0,170500.0,428989.0,223554.0,2021.0,3025.0,89065301.0,16.0,0.64,80.86,4.87,31.04,515.06,251000.0,1.0
2022-05-13,8136,サンリオ,東証PR,卸売,2629.0,4.74,2553.0,2653.0,2548.0,212900.0,558604.0,234153.0,2010.0,3010.0,89065301.0,16.0,0.61,84.7,5.1,31.04,515.06,262900.0,1.0
2022-05-16,8136,サンリオ,東証PR,卸売,2532.0,-3.69,2642.0,2649.0,2483.0,284100.0,718963.0,225513.0,2129.0,3130.0,89065301.0,16.0,0.63,97.12,4.67,26.07,541.73,253200.0,1.0
2022-05-17,8136,サンリオ,東証PR,卸売,2584.0,2.05,2533.0,2594.0,2511.0,171200.0,438878.0,230145.0,2032.0,3035.0,89065301.0,16.0,0.62,99.12,4.77,26.07,541.73,258400.0,1.0
2022-05-18,8136,サンリオ,東証PR,卸売,2523.0,-2.36,2610.0,2618.0,2496.0,261400.0,660062.0,224712.0,2084.0,3085.0,89065301.0,16.0,0.63,96.78,4.66,26.07,541.73,252300.0,1.0
2022-05-19,8136,サンリオ,東証PR,卸売,2494.0,-1.15,2479.0,2501.0,2440.0,242600.0,600095.0,222129.0,2023.0,3025.0,89065301.0,16.0,0.64,95.67,4.6,26.07,541.73,249400.0,1.0
2022-05-20,8136,サンリオ,東証PR,卸売,2511.0,0.68,2500.0,2514.0,2483.0,136900.0,342906.0,223643.0,1994.0,2994.0,89065301.0,16.0,0.64,96.32,4.64,26.07,541.73,251100.0,1.0
2022-05-23,8136,サンリオ,東証PR,卸売,2538.0,1.08,2540.0,2578.0,2526.0,160700.0,409215.0,226048.0,2011.0,3015.0,89065301.0,16.0,0.63,97.35,4.68,26.07,541.73,253800.0,1.0
2022-05-24,8136,サンリオ,東証PR,卸売,2501.0,-1.46,2531.0,2543.0,2500.0,148300.0,372500.0,222752.0,2038.0,3040.0,89065301.0,16.0,0.64,95.93,4.62,26.07,541.73,250100.0,1.0
2022-05-25,8136,サンリオ,東証PR,卸売,2488.0,-0.52,2501.0,2513.0,2472.0,161200.0,401852.0,221594.0,2001.0,3005.0,89065301.0,16.0,0.64,95.44,4.59,26.07,541.73,248800.0,1.0
2022-05-26,8136,サンリオ,東証PR,卸売,2506.0,0.72,2509.0,2549.0,2503.0,168500.0,424792.0,223198.0,1988.0,2988.0,89065301.0,16.0,0.64,96.13,4.63,26.07,541.73,250600.0,1.0
2022-05-27,8136,サンリオ,東証PR,卸売,2575.0,2.75,2558.0,2599.0,2534.0,246800.0,635635.0,229343.0,2006.0,3010.0,89065301.0,16.0,0.62,98.77,4.75,26.07,541.73,257500.0,1.0
2022-05-30,8136,サンリオ,東証PR,卸売,2647.0,2.8,2630.0,2647.0,2599.0,271100.0,714922.0,235756.0,2075.0,3075.0,89065301.0,16.0,0.6,101.53,4.89,26.07,541.73,264700.0,1.0
2022-05-31,8136,サンリオ,東証PR,卸売,2618.0,-1.1,2654.0,2658.0,2600.0,231600.0,607294.0,233173.0,2147.0,3150.0,89065301.0,16.0,0.61,100.42,4.83,26.07,541.73,261800.0,1.0
2022-06-01,8136,サンリオ,東証PR,卸売,2610.0,-0.31,2621.0,2643.0,2601.0,121100.0,317091.0,232460.0,2118.0,3120.0,89065301.0,16.0,0.61,100.12,4.82,26.07,541.73,261000.0,1.0
2022-06-02,8136,サンリオ,東証PR,卸売,2579.0,-1.19,2605.0,2605.0,2552.0,152500.0,393296.0,229699.0,2110.0,3110.0,89065301.0,16.0,0.62,98.93,4.76,26.07,541.73,257900.0,1.0
2022-06-03,8136,サンリオ,東証PR,卸売,2574.0,-0.19,2603.0,2603.0,2572.0,80600.0,208112.0,229254.0,2079.0,3080.0,89065301.0,16.0,0.62,98.73,4.75,26.07,541.73,257400.0,1.0
2022-06-06,8136,サンリオ,東証PR,卸売,2620.0,1.79,2550.0,2626.0,2540.0,130100.0,338557.0,233351.0,2074.0,3075.0,89065301.0,16.0,0.61,100.5,4.84,26.07,541.73,262000.0,1.0
2022-06-07,8136,サンリオ,東証PR,卸売,2593.0,-1.03,2630.0,2634.0,2593.0,98100.0,255784.0,230946.0,2120.0,3120.0,89065301.0,16.0,0.62,99.46,4.79,26.07,541.73,259300.0,1.0
2022-06-08,8136,サンリオ,東証PR,卸売,2638.0,1.74,2605.0,2642.0,2600.0,129300.0,339241.0,234954.0,2093.0,3095.0,89065301.0,16.0,0.61,101.19,4.87,26.07,541.73,263800.0,1.0
2022-06-09,8136,サンリオ,東証PR,卸売,2604.0,-1.29,2639.0,2654.0,2604.0,120600.0,315672.0,231926.0,2138.0,3140.0,89065301.0,16.0,0.61,99.88,4.81,26.07,541.73,260400.0,1.0
2022-06-10,8136,サンリオ,東証PR,卸売,2600.0,-0.15,2588.0,2614.0,2576.0,198400.0,515527.0,231570.0,2104.0,3105.0,89065301.0,16.0,0.62,99.73,4.8,26.07,541.73,260000.0,1.0
2022-06-13,8136,サンリオ,東証PR,卸売,2514.0,-3.31,2551.0,2558.0,2494.0,291700.0,735367.0,223910.0,2100.0,3100.0,89065301.0,16.0,0.64,96.43,4.64,26.07,541.73,251400.0,1.0
2022-06-14,8136,サンリオ,東証PR,卸売,2505.0,-0.36,2466.0,2514.0,2465.0,330700.0,824122.0,223109.0,2014.0,3015.0,89065301.0,16.0,0.64,96.09,4.62,26.07,541.73,250500.0,1.0
2022-06-15,8136,サンリオ,東証PR,卸売,2497.0,-0.32,2500.0,2511.0,2485.0,179100.0,447200.0,222396.0,2005.0,3005.0,89065301.0,16.0,0.64,95.78,4.61,26.07,541.73,249700.0,1.0
2022-06-16,8136,サンリオ,東証PR,卸売,2536.0,1.56,2526.0,2587.0,2523.0,191600.0,489492.0,225870.0,1997.0,2997.0,89065301.0,16.0,0.63,97.28,4.68,26.07,541.73,253600.0,1.0
2022-06-17,8136,サンリオ,東証PR,卸売,2490.0,-1.81,2486.0,2515.0,2478.0,233700.0,583725.0,221773.0,2036.0,3040.0,89065301.0,16.0,0.64,95.51,4.6,26.07,541.73,249000.0,1.0
2022-06-20,8136,サンリオ,東証PR,卸売,2502.0,0.48,2510.0,2520.0,2492.0,191900.0,479935.0,222841.0,1990.0,2990.0,89065301.0,16.0,0.64,95.97,4.62,26.07,541.73,250200.0,1.0
2022-06-21,8136,サンリオ,東証PR,卸売,2602.0,4.0,2512.0,2617.0,2511.0,243500.0,631384.0,231748.0,2002.0,3005.0,89065301.0,16.0,0.61,99.81,4.8,26.07,541.73,260200.0,1.0
2022-06-22,8136,サンリオ,東証PR,卸売,2555.0,-1.81,2616.0,2617.0,2552.0,140100.0,360198.0,227562.0,2102.0,3105.0,89065301.0,16.0,0.63,98.01,4.72,26.07,541.73,255500.0,1.0
2022-06-23,8136,サンリオ,東証PR,卸売,2571.0,0.63,2560.0,2599.0,2554.0,89400.0,230305.0,228987.0,2055.0,3055.0,89065301.0,16.0,0.62,98.62,4.75,26.07,541.73,257100.0,1.0
2022-06-24,8136,サンリオ,東証PR,卸売,2599.0,1.09,2577.0,2604.0,2532.0,175300.0,451764.0,231481.0,2071.0,3075.0,89065301.0,16.0,0.62,99.69,4.8,26.07,541.73,259900.0,1.0
2022-06-27,8136,サンリオ,東証PR,卸売,2621.0,0.85,2643.0,2649.0,2616.0,169300.0,444721.0,233440.0,2099.0,3100.0,89065301.0,16.0,0.61,100.54,4.84,26.07,541.73,262100.0,1.0
2022-06-28,8136,サンリオ,東証PR,卸売,2731.0,4.2,2615.0,2732.0,2613.0,324500.0,873969.0,243237.0,2121.0,3125.0,89065301.0,16.0,0.59,104.76,5.04,26.07,541.73,273100.0,1.0
2022-06-29,8136,サンリオ,東証PR,卸売,2712.0,-0.7,2715.0,2745.0,2690.0,298000.0,808885.0,241545.0,2231.0,3235.0,89065301.0,16.0,0.59,104.03,5.01,26.07,541.73,271200.0,1.0
2022-06-30,8136,サンリオ,東証PR,卸売,3085.0,13.75,2862.0,3120.0,2862.0,2105100.0,6403336.0,274766.0,2212.0,3215.0,89065301.0,16.0,0.52,118.34,5.69,26.07,541.73,308500.0,1.0
2022-07-01,8136,サンリオ,東証PR,卸売,3065.0,-0.65,3125.0,3225.0,3050.0,1346300.0,4220079.0,272985.0,2385.0,3785.0,89065301.0,16.0,0.52,117.57,5.66,26.07,541.73,306500.0,1.0
2022-07-04,8136,サンリオ,東証PR,卸売,2937.0,-4.18,3070.0,3075.0,2895.0,1051900.0,3104402.0,261585.0,2365.0,3765.0,89065301.0,16.0,0.54,112.66,5.42,26.07,541.73,293700.0,1.0
2022-07-05,8136,サンリオ,東証PR,卸売,2949.0,0.41,2947.0,2957.0,2903.0,416600.0,1222124.0,262654.0,2437.0,3440.0,89065301.0,16.0,0.54,113.12,5.44,26.07,541.73,294900.0,1.0
2022-07-06,8136,サンリオ,東証PR,卸売,2930.0,-0.64,2959.0,2969.0,2896.0,347200.0,1015620.0,260961.0,2449.0,3450.0,89065301.0,16.0,0.55,112.39,5.41,26.07,541.73,293000.0,1.0
2022-07-07,8136,サンリオ,東証PR,卸売,2948.0,0.61,2950.0,2958.0,2889.0,259000.0,757614.0,262565.0,2430.0,3430.0,89065301.0,16.0,0.54,113.08,5.44,26.07,541.73,294800.0,1.0
2022-07-08,8136,サンリオ,東証PR,卸売,2946.0,-0.07,2977.0,2995.0,2941.0,281800.0,836334.0,262386.0,2448.0,3450.0,89065301.0,16.0,0.54,113.0,5.44,26.07,541.73,294600.0,1.0
2022-07-11,8136,サンリオ,東証PR,卸売,3025.0,2.68,2961.0,3030.0,2945.0,336400.0,1004705.0,269423.0,2446.0,3450.0,89065301.0,16.0,0.53,116.03,5.58,26.07,541.73,302500.0,1.0
2022-07-12,8136,サンリオ,東証PR,卸売,2963.0,-2.05,3025.0,3025.0,2941.0,181500.0,539263.0,263900.0,2325.0,3725.0,89065301.0,16.0,0.54,113.66,5.47,26.07,541.73,296300.0,1.0
2022-07-13,8136,サンリオ,東証PR,卸売,2959.0,-0.13,2965.0,2988.0,2936.0,135700.0,401948.0,263544.0,2463.0,3465.0,89065301.0,16.0,0.54,113.5,5.46,26.07,541.73,295900.0,1.0
2022-07-14,8136,サンリオ,東証PR,卸売,2961.0,0.07,2950.0,2967.0,2914.0,120500.0,355409.0,263722.0,2459.0,3460.0,89065301.0,16.0,0.54,113.58,5.47,26.07,541.73,296100.0,1.0
2022-07-15,8136,サンリオ,東証PR,卸売,2910.0,-1.72,2959.0,2959.0,2899.0,256300.0,749418.0,259180.0,2461.0,3465.0,89065301.0,16.0,0.55,111.62,5.37,26.07,541.73,291000.0,1.0
2022-07-19,8136,サンリオ,東証PR,卸売,2955.0,1.55,2960.0,2969.0,2935.0,154800.0,456819.0,263188.0,2410.0,3410.0,89065301.0,16.0,0.54,113.35,5.45,26.07,541.73,295500.0,1.0
2022-07-20,8136,サンリオ,東証PR,卸売,3025.0,2.37,2988.0,3030.0,2979.0,242000.0,727944.0,269423.0,2455.0,3455.0,89065301.0,16.0,0.53,116.03,5.58,26.07,541.73,302500.0,1.0
2022-07-21,8136,サンリオ,東証PR,卸売,3060.0,1.16,3025.0,3065.0,3020.0,115300.0,351046.0,272540.0,2325.0,3725.0,89065301.0,16.0,0.52,117.38,5.65,26.07,541.73,306000.0,1.0
2022-07-22,8136,サンリオ,東証PR,卸売,3055.0,-0.16,3065.0,3075.0,3035.0,128300.0,392801.0,272094.0,2360.0,3760.0,89065301.0,16.0,0.52,117.18,5.64,26.07,541.73,305500.0,1.0
2022-07-25,8136,サンリオ,東証PR,卸売,3035.0,-0.65,3030.0,3055.0,3015.0,102100.0,309864.0,270313.0,2355.0,3755.0,89065301.0,16.0,0.53,116.42,5.6,26.07,541.73,303500.0,1.0
2022-07-26,8136,サンリオ,東証PR,卸売,3045.0,0.33,3055.0,3090.0,3040.0,120000.0,367111.0,271204.0,2335.0,3735.0,89065301.0,16.0,0.53,116.8,5.62,26.07,541.73,304500.0,1.0
2022-07-27,8136,サンリオ,東証PR,卸売,3030.0,-0.49,3045.0,3045.0,3015.0,96900.0,293345.0,269868.0,2345.0,3745.0,89065301.0,16.0,0.53,116.23,5.59,26.07,541.73,303000.0,1.0
2022-07-28,8136,サンリオ,東証PR,卸売,3065.0,1.16,3060.0,3075.0,3040.0,126700.0,387587.0,272985.0,2330.0,3730.0,89065301.0,16.0,0.52,117.57,5.66,26.07,541.73,306500.0,1.0
2022-07-29,8136,サンリオ,東証PR,卸売,3055.0,-0.33,3065.0,3090.0,3045.0,140200.0,429627.0,272094.0,2365.0,3765.0,89065301.0,16.0,0.52,117.18,5.64,26.07,541.73,305500.0,1.0
2022-08-01,8136,サンリオ,東証PR,卸売,3080.0,0.82,3065.0,3115.0,3055.0,262100.0,809003.0,274321.0,2355.0,3755.0,89065301.0,16.0,0.52,118.14,5.69,26.07,541.73,308000.0,1.0
2022-08-02,8136,サンリオ,東証PR,卸売,3035.0,-1.46,3080.0,3080.0,2980.0,219400.0,664497.0,270313.0,2380.0,3780.0,89065301.0,16.0,0.53,116.42,5.6,26.07,541.73,303500.0,1.0
2022-08-03,8136,サンリオ,東証PR,卸売,3425.0,12.85,3340.0,3530.0,3320.0,1579800.0,5417625.0,305049.0,2335.0,3735.0,89065301.0,20.0,0.58,110.38,6.03,31.03,567.73,342500.0,1.0
2022-08-04,8136,サンリオ,東証PR,卸売,3400.0,-0.73,3450.0,3450.0,3355.0,546500.0,1857080.0,302822.0,2725.0,4125.0,89065301.0,20.0,0.59,109.57,5.99,31.03,567.73,340000.0,1.0
2022-08-05,8136,サンリオ,東証PR,卸売,3435.0,1.03,3400.0,3480.0,3380.0,422100.0,1451611.0,305939.0,2700.0,4100.0,89065301.0,20.0,0.58,110.7,6.05,31.03,567.73,343500.0,1.0
2022-08-08,8136,サンリオ,東証PR,卸売,3420.0,-0.44,3435.0,3525.0,3410.0,227600.0,786423.0,304603.0,2735.0,4135.0,89065301.0,20.0,0.58,110.22,6.02,31.03,567.73,342000.0,1.0
2022-08-09,8136,サンリオ,東証PR,卸売,3400.0,-0.58,3435.0,3465.0,3390.0,211500.0,720740.0,302822.0,2720.0,4120.0,89065301.0,20.0,0.59,109.57,5.99,31.03,567.73,340000.0,1.0
2022-08-10,8136,サンリオ,東証PR,卸売,3380.0,-0.59,3380.0,3395.0,3345.0,219100.0,738125.0,301041.0,2700.0,4100.0,89065301.0,20.0,0.59,108.93,5.95,31.03,567.73,338000.0,1.0
2022-08-12,8136,サンリオ,東証PR,卸売,3415.0,1.04,3415.0,3455.0,3410.0,150300.0,515080.0,304158.0,2680.0,4080.0,89065301.0,20.0,0.59,110.05,6.02,31.03,567.73,341500.0,1.0
2022-08-15,8136,サンリオ,東証PR,卸売,3335.0,-2.34,3400.0,3405.0,3330.0,230100.0,772853.0,297033.0,2715.0,4115.0,89065301.0,20.0,0.6,107.48,5.87,31.03,567.73,333500.0,1.0
2022-08-16,8136,サンリオ,東証PR,卸売,3375.0,1.2,3345.0,3385.0,3315.0,211600.0,709738.0,300595.0,2635.0,4035.0,89065301.0,20.0,0.59,108.77,5.94,31.03,567.73,337500.0,1.0
2022-08-17,8136,サンリオ,東証PR,卸売,3465.0,2.67,3415.0,3475.0,3415.0,227700.0,786452.0,308611.0,2675.0,4075.0,89065301.0,20.0,0.58,111.67,6.1,31.03,567.73,346500.0,1.0
2022-08-18,8136,サンリオ,東証PR,卸売,3600.0,3.9,3515.0,3600.0,3510.0,583400.0,2081933.0,320635.0,2765.0,4165.0,89065301.0,20.0,0.56,116.02,6.34,31.03,567.73,360000.0,1.0
2022-08-19,8136,サンリオ,東証PR,卸売,3500.0,-2.78,3585.0,3590.0,3490.0,308200.0,1088599.0,311729.0,2900.0,4300.0,89065301.0,20.0,0.57,112.79,6.16,31.03,567.73,350000.0,1.0
2022-08-22,8136,サンリオ,東証PR,卸売,3545.0,1.29,3480.0,3580.0,3470.0,342000.0,1210749.0,315736.0,2800.0,4200.0,89065301.0,20.0,0.56,114.24,6.24,31.03,567.73,354500.0,1.0
2022-08-23,8136,サンリオ,東証PR,卸売,3595.0,1.41,3560.0,3610.0,3550.0,246900.0,885803.0,320190.0,2845.0,4245.0,89065301.0,20.0,0.56,115.86,6.33,31.03,567.73,359500.0,1.0
2022-08-24,8136,サンリオ,東証PR,卸売,3560.0,-0.97,3580.0,3630.0,3555.0,192500.0,688148.0,317072.0,2895.0,4295.0,89065301.0,20.0,0.56,114.73,6.27,31.03,567.73,356000.0,1.0
2022-08-25,8136,サンリオ,東証PR,卸売,3565.0,0.14,3535.0,3580.0,3530.0,151000.0,537107.0,317518.0,2860.0,4260.0,89065301.0,20.0,0.56,114.89,6.28,31.03,567.73,356500.0,1.0
2022-08-26,8136,サンリオ,東証PR,卸売,3615.0,1.4,3580.0,3630.0,3570.0,205600.0,741026.0,321971.0,2865.0,4265.0,89065301.0,20.0,0.55,116.5,6.37,31.03,567.73,361500.0,1.0
2022-08-29,8136,サンリオ,東証PR,卸売,3560.0,-1.52,3555.0,3600.0,3550.0,192600.0,687079.0,317072.0,2915.0,4315.0,89065301.0,20.0,0.56,114.73,6.27,31.03,567.73,356000.0,1.0
2022-08-30,8136,サンリオ,東証PR,卸売,3685.0,3.51,3585.0,3700.0,3575.0,389300.0,1425337.0,328206.0,2860.0,4260.0,89065301.0,20.0,0.54,118.76,6.49,31.03,567.73,368500.0,1.0
2022-08-31,8136,サンリオ,東証PR,卸売,3675.0,-0.27,3665.0,3690.0,3625.0,274500.0,1005151.0,327315.0,2985.0,4385.0,89065301.0,20.0,0.54,118.43,6.47,31.03,567.73,367500.0,1.0
2022-09-01,8136,サンリオ,東証PR,卸売,3665.0,-0.27,3645.0,3710.0,3645.0,291000.0,1069765.0,326424.0,2975.0,4375.0,89065301.0,20.0,0.55,118.11,6.46,31.03,567.73,366500.0,1.0
2022-09-02,8136,サンリオ,東証PR,卸売,3600.0,-1.77,3660.0,3660.0,3590.0,314400.0,1138937.0,320635.0,2965.0,4365.0,89065301.0,20.0,0.56,116.02,6.34,31.03,567.73,360000.0,1.0
2022-09-05,8136,サンリオ,東証PR,卸売,3575.0,-0.69,3600.0,3630.0,3570.0,237000.0,851914.0,318408.0,2900.0,4300.0,89065301.0,20.0,0.56,115.21,6.3,31.03,567.73,357500.0,1.0
2022-09-06,8136,サンリオ,東証PR,卸売,3550.0,-0.7,3575.0,3575.0,3525.0,146000.0,518760.0,316182.0,2875.0,4275.0,89065301.0,20.0,0.56,114.41,6.25,31.03,567.73,355000.0,1.0
2022-09-07,8136,サンリオ,東証PR,卸売,3495.0,-1.55,3550.0,3555.0,3435.0,249700.0,873108.0,311283.0,2850.0,4250.0,89065301.0,20.0,0.57,112.63,6.16,31.03,567.73,349500.0,1.0
2022-09-08,8136,サンリオ,東証PR,卸売,3525.0,0.86,3540.0,3560.0,3510.0,237900.0,840684.0,313955.0,2795.0,4195.0,89065301.0,20.0,0.57,113.6,6.21,31.03,567.73,352500.0,1.0
2022-09-09,8136,サンリオ,東証PR,卸売,3585.0,1.7,3505.0,3605.0,3500.0,359900.0,1275814.0,319299.0,2825.0,4225.0,89065301.0,20.0,0.56,115.53,6.31,31.03,567.73,358500.0,1.0
2022-09-12,8136,サンリオ,東証PR,卸売,3675.0,2.51,3600.0,3680.0,3600.0,268800.0,979543.0,327315.0,2885.0,4285.0,89065301.0,20.0,0.54,118.43,6.47,31.03,567.73,367500.0,1.0
2022-09-13,8136,サンリオ,東証PR,卸売,3825.0,4.08,3695.0,3830.0,3670.0,558800.0,2102064.0,340675.0,2975.0,4375.0,89065301.0,20.0,0.52,123.27,6.74,31.03,567.73,382500.0,1.0
2022-09-14,8136,サンリオ,東証PR,卸売,3760.0,-1.7,3735.0,3820.0,3730.0,373600.0,1408209.0,334886.0,3125.0,4525.0,89065301.0,20.0,0.53,121.17,6.62,31.03,567.73,376000.0,1.0
2022-09-15,8136,サンリオ,東証PR,卸売,3850.0,2.39,3780.0,3895.0,3760.0,450500.0,1729720.0,342901.0,3060.0,4460.0,89065301.0,20.0,0.52,124.07,6.78,31.03,567.73,385000.0,1.0
2022-09-16,8136,サンリオ,東証PR,卸売,3635.0,-5.58,3815.0,3860.0,3630.0,1282200.0,4734500.0,323752.0,3150.0,4550.0,89065301.0,20.0,0.55,117.14,6.4,31.03,567.73,363500.0,1.0
2022-09-20,8136,サンリオ,東証PR,卸売,3720.0,2.34,3660.0,3765.0,3650.0,491500.0,1823108.0,331323.0,2935.0,4335.0,89065301.0,20.0,0.54,119.88,6.55,31.03,567.73,372000.0,1.0
2022-09-21,8136,サンリオ,東証PR,卸売,3660.0,-1.61,3665.0,3680.0,3615.0,312800.0,1143923.0,325979.0,3020.0,4420.0,89065301.0,20.0,0.55,117.95,6.45,31.03,567.73,366000.0,1.0
2022-09-22,8136,サンリオ,東証PR,卸売,3655.0,-0.14,3650.0,3685.0,3550.0,476000.0,1730272.0,325534.0,2960.0,4360.0,89065301.0,20.0,0.55,117.79,6.44,31.03,567.73,365500.0,1.0
2022-09-26,8136,サンリオ,東証PR,卸売,3610.0,-1.23,3570.0,3660.0,3570.0,404400.0,1455746.0,321526.0,2955.0,4355.0,89065301.0,20.0,0.55,116.34,6.36,31.03,567.73,361000.0,1.0
2022-09-27,8136,サンリオ,東証PR,卸売,3625.0,0.42,3610.0,3640.0,3590.0,296300.0,1072604.0,322862.0,2910.0,4310.0,89065301.0,20.0,0.55,116.82,6.39,31.03,567.73,362500.0,1.0
2022-09-28,8136,サンリオ,東証PR,卸売,3555.0,-1.93,3625.0,3645.0,3525.0,546000.0,1957538.0,316627.0,2925.0,4325.0,89065301.0,20.0,0.56,114.57,6.26,31.03,567.73,355500.0,1.0
2022-09-29,8136,サンリオ,東証PR,卸売,3650.0,2.67,3590.0,3690.0,3560.0,462700.0,1676511.0,325088.0,2845.0,4245.0,89065301.0,20.0,0.55,117.63,6.43,31.03,567.73,365000.0,1.0
2022-09-30,8136,サンリオ,東証PR,卸売,3720.0,1.92,3700.0,3760.0,3685.0,464700.0,1729496.0,331323.0,2950.0,4350.0,89065301.0,20.0,0.54,119.88,6.55,31.03,567.73,372000.0,1.0
2022-10-03,8136,サンリオ,東証PR,卸売,3700.0,-0.54,3720.0,3740.0,3610.0,255700.0,936340.0,329542.0,3020.0,4420.0,89065301.0,20.0,0.54,119.24,6.52,31.03,567.73,370000.0,1.0
2022-10-04,8136,サンリオ,東証PR,卸売,3855.0,4.19,3770.0,3865.0,3770.0,340000.0,1303519.0,343347.0,3000.0,4400.0,89065301.0,20.0,0.52,124.23,6.79,31.03,567.73,385500.0,1.0
2022-10-05,8136,サンリオ,東証PR,卸売,3820.0,-0.91,3895.0,3910.0,3790.0,241300.0,925476.0,340229.0,3155.0,4555.0,89065301.0,20.0,0.52,123.11,6.73,31.03,567.73,382000.0,1.0
2022-10-06,8136,サンリオ,東証PR,卸売,3840.0,0.52,3860.0,3890.0,3820.0,242900.0,936076.0,342011.0,3120.0,4520.0,89065301.0,20.0,0.52,123.75,6.76,31.03,567.73,384000.0,1.0
2022-10-07,8136,サンリオ,東証PR,卸売,3835.0,-0.13,3820.0,3890.0,3805.0,225700.0,866652.0,341565.0,3140.0,4540.0,89065301.0,20.0,0.52,123.59,6.75,31.03,567.73,383500.0,1.0
2022-10-11,8136,サンリオ,東証PR,卸売,3785.0,-1.3,3800.0,3830.0,3745.0,255100.0,966112.0,337112.0,3135.0,4535.0,89065301.0,20.0,0.53,121.98,6.67,31.03,567.73,378500.0,1.0
2022-10-12,8136,サンリオ,東証PR,卸売,3800.0,0.4,3750.0,3825.0,3735.0,150300.0,569462.0,338448.0,3085.0,4485.0,89065301.0,20.0,0.53,122.46,6.69,31.03,567.73,380000.0,1.0
2022-10-13,8136,サンリオ,東証PR,卸売,3695.0,-2.76,3800.0,3800.0,3685.0,249700.0,929287.0,329096.0,3100.0,4500.0,89065301.0,20.0,0.54,119.08,6.51,31.03,567.73,369500.0,1.0
2022-10-14,8136,サンリオ,東証PR,卸売,3815.0,3.25,3745.0,3820.0,3720.0,207500.0,787278.0,339784.0,2995.0,4395.0,89065301.0,20.0,0.52,122.95,6.72,31.03,567.73,381500.0,1.0
2022-10-17,8136,サンリオ,東証PR,卸売,3790.0,-0.66,3770.0,3810.0,3755.0,126700.0,479309.0,337557.0,3115.0,4515.0,89065301.0,20.0,0.53,122.14,6.68,31.03,567.73,379000.0,1.0
2022-10-18,8136,サンリオ,東証PR,卸売,3955.0,4.35,3845.0,3960.0,3825.0,419900.0,1645351.0,352253.0,3090.0,4490.0,89065301.0,20.0,0.51,127.46,6.97,31.03,567.73,395500.0,1.0
2022-10-19,8136,サンリオ,東証PR,卸売,3940.0,-0.38,3940.0,3975.0,3910.0,205500.0,811805.0,350917.0,3255.0,4655.0,89065301.0,20.0,0.51,126.97,6.94,31.03,567.73,394000.0,1.0
2022-10-20,8136,サンリオ,東証PR,卸売,3960.0,0.51,3925.0,3960.0,3900.0,197600.0,777342.0,352699.0,3240.0,4640.0,89065301.0,20.0,0.51,127.62,6.98,31.03,567.73,396000.0,1.0
2022-10-21,8136,サンリオ,東証PR,卸売,3880.0,-2.02,3935.0,3955.0,3880.0,246800.0,964261.0,345573.0,3260.0,4660.0,89065301.0,20.0,0.52,125.04,6.83,31.03,567.73,388000.0,1.0
2022-10-24,8136,サンリオ,東証PR,卸売,3795.0,-2.19,3875.0,3880.0,3785.0,314400.0,1202533.0,338003.0,3180.0,4580.0,89065301.0,20.0,0.53,122.3,6.68,31.03,567.73,379500.0,1.0
2022-10-25,8136,サンリオ,東証PR,卸売,3815.0,0.53,3805.0,3840.0,3765.0,268000.0,1020355.0,339784.0,3095.0,4495.0,89065301.0,20.0,0.52,122.95,6.72,31.03,567.73,381500.0,1.0
2022-10-26,8136,サンリオ,東証PR,卸売,3815.0,0.0,3815.0,3835.0,3745.0,329900.0,1253019.0,339784.0,3115.0,4515.0,89065301.0,20.0,0.52,122.95,6.72,31.03,567.73,381500.0,1.0
2022-10-27,8136,サンリオ,東証PR,卸売,3815.0,0.0,3820.0,3870.0,3790.0,169600.0,650593.0,339784.0,3115.0,4515.0,89065301.0,20.0,0.52,122.95,6.72,31.03,567.73,381500.0,1.0
2022-10-28,8136,サンリオ,東証PR,卸売,3850.0,0.92,3825.0,3885.0,3815.0,519800.0,2003750.0,342901.0,3115.0,4515.0,89065301.0,20.0,0.52,124.07,6.78,31.03,567.73,385000.0,1.0
2022-10-31,8136,サンリオ,東証PR,卸売,3965.0,2.99,3910.0,3965.0,3880.0,267200.0,1050557.0,353144.0,3150.0,4550.0,89065301.0,20.0,0.5,127.78,6.98,31.03,567.73,396500.0,1.0
2022-11-01,8136,サンリオ,東証PR,卸売,4025.0,1.51,4005.0,4055.0,3990.0,343700.0,1383342.0,358488.0,3265.0,4665.0,89065301.0,20.0,0.5,129.71,7.09,31.03,567.73,402500.0,1.0
2022-11-02,8136,サンリオ,東証PR,卸売,4035.0,0.25,4010.0,4050.0,4000.0,337600.0,1359320.0,359378.0,3325.0,4725.0,89065301.0,20.0,0.5,130.04,7.11,31.03,567.73,403500.0,1.0
2022-11-04,8136,サンリオ,東証PR,卸売,3950.0,-2.11,3980.0,4010.0,3945.0,547500.0,2175858.0,351808.0,3335.0,4735.0,89065301.0,20.0,0.51,127.3,6.96,31.03,567.73,395000.0,1.0
2022-11-07,8136,サンリオ,東証PR,卸売,4460.0,12.91,4580.0,4650.0,4415.0,2516100.0,11383281.0,397231.0,3250.0,4650.0,89065301.0,30.0,0.67,89.85,7.17,49.64,622.23,446000.0,1.0
2022-11-08,8136,サンリオ,東証PR,卸売,4600.0,3.14,4530.0,4670.0,4525.0,1250000.0,5768775.0,409700.0,3760.0,5160.0,89065301.0,30.0,0.65,92.67,7.39,49.64,622.23,460000.0,1.0
2022-11-09,8136,サンリオ,東証PR,卸売,4335.0,-5.76,4545.0,4580.0,4285.0,815200.0,3579772.0,386098.0,3900.0,5300.0,89065301.0,30.0,0.69,87.33,6.97,49.64,622.23,433500.0,1.0
2022-11-10,8136,サンリオ,東証PR,卸売,4315.0,-0.46,4340.0,4355.0,4270.0,290000.0,1249751.0,384317.0,3635.0,5040.0,89065301.0,30.0,0.7,86.93,6.93,49.64,622.23,431500.0,1.0
2022-11-11,8136,サンリオ,東証PR,卸売,4275.0,-0.93,4320.0,4370.0,4190.0,494100.0,2108880.0,380754.0,3615.0,5020.0,89065301.0,30.0,0.7,86.12,6.87,49.64,622.23,427500.0,1.0
2022-11-14,8136,サンリオ,東証PR,卸売,4155.0,-2.81,4280.0,4280.0,4100.0,395500.0,1643910.0,370066.0,3575.0,4975.0,89065301.0,30.0,0.72,83.7,6.68,49.64,622.23,415500.0,1.0
2022-11-15,8136,サンリオ,東証PR,卸売,4165.0,0.24,4170.0,4195.0,4100.0,245600.0,1018902.0,370957.0,3455.0,4855.0,89065301.0,30.0,0.72,83.9,6.69,49.64,622.23,416500.0,1.0
2022-11-16,8136,サンリオ,東証PR,卸売,4170.0,0.12,4150.0,4175.0,4100.0,164100.0,679896.0,371402.0,3465.0,4865.0,89065301.0,30.0,0.72,84.0,6.7,49.64,622.23,417000.0,1.0
2022-11-17,8136,サンリオ,東証PR,卸売,4305.0,3.24,4180.0,4370.0,4175.0,318600.0,1374592.0,383426.0,3470.0,4870.0,89065301.0,30.0,0.7,86.72,6.92,49.64,622.23,430500.0,1.0
2022-11-18,8136,サンリオ,東証PR,卸売,4370.0,1.51,4365.0,4385.0,4320.0,249600.0,1088777.0,389215.0,3605.0,5010.0,89065301.0,30.0,0.69,88.03,7.02,49.64,622.23,437000.0,1.0
2022-11-21,8136,サンリオ,東証PR,卸売,4345.0,-0.57,4410.0,4455.0,4265.0,232200.0,1012343.0,386989.0,3670.0,5070.0,89065301.0,30.0,0.69,87.53,6.98,49.64,622.23,434500.0,1.0
2022-11-22,8136,サンリオ,東証PR,卸売,4285.0,-1.38,4345.0,4355.0,4260.0,210700.0,905521.0,381645.0,3645.0,5050.0,89065301.0,30.0,0.7,86.32,6.89,49.64,622.23,428500.0,1.0
2022-11-24,8136,サンリオ,東証PR,卸売,4390.0,2.45,4390.0,4445.0,4380.0,242500.0,1070200.0,390997.0,3585.0,4985.0,89065301.0,30.0,0.68,88.44,7.06,49.64,622.23,439000.0,1.0
2022-11-25,8136,サンリオ,東証PR,卸売,4410.0,0.46,4430.0,4435.0,4375.0,126200.0,556088.0,392778.0,3690.0,5090.0,89065301.0,30.0,0.68,88.84,7.09,49.64,622.23,441000.0,1.0
